{
    "0": {
        "5": [
            [
                0.3552356616061476,
                -1.3129555530700359
            ],
            [
                -0.5868547860791514,
                -1.4374429836715705
            ],
            [
                -3.5610015618817346,
                -1.8304454721918437
            ],
            [
                -6.559610780756955,
                -1.9217841413110957
            ],
            [
                -9.552656620876945,
                -2.125932614096068
            ],
            [
                -12.542608172092365,
                -2.3712685498747357
            ],
            [
                -15.532559723307784,
                -2.6166044856534034
            ],
            [
                -17.0,
                0.0
            ]
        ]
    },
    "1": {
        "10": [
            [
                -2.4473280157936323,
                -3.7149811775585357
            ],
            [
                0.27411111519331677,
                -3.0725200534244848
            ],
            [
                2.600499130266142,
                -1.1783398076913811
            ]
        ]
    },
    "2": {
        "7": [
            [
                -32.91015525465947,
                0.4503515579194266
            ],
            [
                -32.91015525465947,
                0.4503515579194266
            ],
            [
                -30.96758095829539,
                0.8273172562250851
            ]
        ]
    },
    "3": {
        "2": [
            [
                -30.96758095829539,
                0.8273172562250851
            ],
            [
                -30.646758711305026,
                3.71298262324883
            ],
            [
                -33.629799354083886,
                4.031523866307875
            ]
        ]
    },
    "4": {
        "9": [
            [
                -35.5791971585806,
                -1.1400901935135916
            ],
            [
                -34.806715089144085,
                -1.5883464921433352
            ],
            [
                -32.21193748524666,
                -3.0940453950823747
            ]
        ]
    },
    "5": {
        "1": [
            [
                2.600499130266142,
                -1.1783398076913811
            ],
            [
                2.600499130266142,
                -1.1783398076913811
            ],
            [
                0.3552356616061476,
                -1.3129555530700359
            ]
        ]
    },
    "6": {
        "0": [
            [
                -17.0,
                0.0
            ],
            [
                -16.025673437030324,
                -0.8892552324549223
            ],
            [
                -13.809823725249716,
                -2.911632559958808
            ],
            [
                -10.897047255846063,
                -2.1934868649299526
            ],
            [
                -8.077566669468114,
                -1.1685335864642044
            ],
            [
                -5.263049369728645,
                -2.2070384586083813
            ]
        ]
    },
    "7": {
        "0": [
            [
                -17.0,
                0.0
            ],
            [
                -15.621245624105768,
                -1.195786452077799
            ],
            [
                -16.044737951231156,
                -4.165745079544836
            ],
            [
                -15.374201246694597,
                -7.089848451156238
            ],
            [
                -17.8496981545523,
                -8.784521003358181
            ],
            [
                -17.194376931963504,
                -11.71207187315102
            ],
            [
                -20.188148625804942,
                -11.905284308448971
            ],
            [
                -23.16733423772031,
                -11.552505213608102
            ],
            [
                -26.127966116283645,
                -12.03692123278441
            ],
            [
                -28.128602438049796,
                -9.801422561787314
            ],
            [
                -29.08379765456,
                -6.95755159102295
            ],
            [
                -30.192074018105288,
                -4.1697704837609795
            ],
            [
                -30.389419751324127,
                -1.1762684106732857
            ],
            [
                -32.91015525465947,
                0.4503515579194266
            ]
        ]
    },
    "8": {
        "0": [
            [
                -17.0,
                0.0
            ],
            [
                -14.951837266292758,
                -0.7615641092719165
            ],
            [
                -12.139928156119213,
                -1.8071104526363722
            ],
            [
                -10.519854817818706,
                -4.332058447848928
            ],
            [
                -7.533920413212778,
                -4.622223455027017
            ],
            [
                -4.533965044092527,
                -4.638587540296042
            ]
        ]
    },
    "9": {
        "6": [
            [
                -5.263049369728645,
                -2.2070384586083813
            ],
            [
                -7.972274576248985,
                -3.251800161542233
            ],
            [
                -8.726107242623826,
                -6.155545382994374
            ],
            [
                -10.704244856491336,
                -8.410976956020368
            ],
            [
                -12.932575482328438,
                -10.419594047941123
            ],
            [
                -15.056427299875203,
                -8.300808202910188
            ],
            [
                -17.47079123520357,
                -10.081495370209828
            ],
            [
                -19.74073508062211,
                -12.042962917391362
            ],
            [
                -21.992893074401174,
                -10.061099054494411
            ],
            [
                -24.556041049237002,
                -11.620032170152355
            ],
            [
                -27.31277622268407,
                -10.436642469554966
            ],
            [
                -30.182970934923567,
                -9.563726486294248
            ],
            [
                -32.05761652751199,
                -7.22156852787454
            ],
            [
                -31.49374352090146,
                -4.275037137847297
            ],
            [
                -34.473717602018866,
                -3.9289815413477105
            ],
            [
                -35.5791971585806,
                -1.1400901935135916
            ]
        ]
    },
    "10": {
        "8": [
            [
                -4.533965044092527,
                -4.638587540296042
            ],
            [
                -2.4473280157936323,
                -3.7149811775585357
            ]
        ]
    }
}