{
    "0": {
        "5": [
            [
                -31.659133471249856,
                1.5518612757578063
            ],
            [
                -31.602486230046615,
                1.1358549109143734
            ],
            [
                -31.197714136279792,
                -1.8367129271858218
            ],
            [
                -30.612512649453187,
                -4.7790825878192145
            ],
            [
                -30.123199205492874,
                -7.73890899380314
            ],
            [
                -29.63388576153256,
                -10.698735399787065
            ],
            [
                -26.67836511880892,
                -10.184053235306205
            ],
            [
                -23.796178723501022,
                -11.016520401446446
            ],
            [
                -20.930991626015533,
                -11.905735165382989
            ],
            [
                -18.02483360291489,
                -11.161258473492364
            ],
            [
                -19.407773699694026,
                -8.499026949240527
            ],
            [
                -18.20847543985093,
                -7.683597693222763
            ],
            [
                -16.628504390706496,
                -5.133364079636449
            ],
            [
                -18.352190307541576,
                -2.6779808386525787
            ],
            [
                -17.0,
                0.0
            ]
        ]
    },
    "1": {
        "10": [
            [
                1.4343986145688792,
                -4.012852563726414
            ],
            [
                1.4343986145688792,
                -4.012852563726414
            ],
            [
                0.22464617318295188,
                -3.5117178270139027
            ]
        ]
    },
    "2": {
        "0": [
            [
                -17.0,
                0.0
            ],
            [
                -16.17855123552961,
                -1.1901537302570344
            ],
            [
                -14.474434332717408,
                -3.6591587082896084
            ],
            [
                -17.10130213961787,
                -5.108146467061244
            ],
            [
                -18.325760765336952,
                -7.846887249592859
            ],
            [
                -18.825538932890538,
                -10.80496462911435
            ],
            [
                -21.69509349355178,
                -11.679982699435007
            ],
            [
                -24.69153309936371,
                -11.826098026222217
            ],
            [
                -27.67180592039243,
                -12.16957133266232
            ],
            [
                -28.176448581680347,
                -9.212319942535258
            ],
            [
                -29.500286122028257,
                -6.520210329840075
            ],
            [
                -29.079197880914734,
                -3.5499098916358918
            ],
            [
                -31.14091525771994,
                -1.3706160935950429
            ],
            [
                -33.37418870947789,
                0.6325038952407156
            ]
        ]
    },
    "3": {
        "2": [
            [
                -33.37418870947789,
                0.6325038952407156
            ],
            [
                -30.645782646163852,
                0.3770177483162964
            ],
            [
                -32.41750162794731,
                2.797970422283372
            ]
        ]
    },
    "4": {
        "7": [
            [
                -0.15967806480108404,
                -0.609676066444091
            ],
            [
                -0.15967806480108404,
                -0.609676066444091
            ],
            [
                -0.9136823739605895,
                -1.2610184024988884
            ]
        ]
    },
    "5": {
        "3": [
            [
                -32.41750162794731,
                2.797970422283372
            ],
            [
                -32.41750162794731,
                2.797970422283372
            ],
            [
                -31.659133471249856,
                1.5518612757578063
            ]
        ]
    },
    "6": {
        "0": [
            [
                -17.0,
                0.0
            ],
            [
                -15.015990623073323,
                -1.6520661240600758
            ],
            [
                -12.252187479751706,
                -0.4852790033881794
            ],
            [
                -11.516292789846405,
                -3.3936220033400613
            ],
            [
                -8.965277959431157,
                -4.972331392366941
            ],
            [
                -5.990075282965615,
                -4.5874040824077635
            ],
            [
                -3.041102635589513,
                -4.036440993782454
            ]
        ]
    },
    "7": {
        "9": [
            [
                -3.1738874708136198,
                -2.518896569286609
            ],
            [
                -2.530912734821822,
                -2.447404593645982
            ],
            [
                -0.15967806480108404,
                -0.609676066444091
            ]
        ]
    },
    "8": {
        "0": [
            [
                -17.0,
                0.0
            ],
            [
                -16.50199187803644,
                -0.6992729234107086
            ],
            [
                -13.631622050590892,
                -1.571612910852721
            ],
            [
                -10.912980839966501,
                -2.840072594049204
            ],
            [
                -8.19433962934211,
                -4.10853227724569
            ],
            [
                -5.724318612680008,
                -2.405888398671113
            ],
            [
                -2.733023078263699,
                -2.6342543895300405
            ],
            [
                0.1798662461806972,
                -3.351942193200893
            ],
            [
                2.6794326539289663,
                -1.6929763185499465
            ]
        ]
    },
    "9": {
        "6": [
            [
                -3.041102635589513,
                -4.036440993782454
            ],
            [
                -3.041102635589513,
                -4.036440993782454
            ],
            [
                -3.1738874708136198,
                -2.518896569286609
            ]
        ]
    },
    "10": {
        "8": [
            [
                2.6794326539289663,
                -1.6929763185499465
            ],
            [
                3.3737602406518707,
                -1.7239933537100622
            ],
            [
                1.4343986145688792,
                -4.012852563726414
            ]
        ]
    }
}