{
    "0": [
        [
            -17.0,
            0.0
        ],
        [
            -4.533965044092527,
            -4.638587540296042
        ],
        [
            -32.91015525465947,
            0.4503515579194266
        ],
        [
            -35.5791971585806,
            -1.1400901935135916
        ],
        [
            -30.96758095829539,
            0.8273172562250851
        ],
        [
            -32.91015525465947,
            0.4503515579194266
        ],
        [
            -17.0,
            0.0
        ],
        [
            -18.84289321881345,
            -10.687106781186548
        ],
        [
            -28.537106781186544,
            -10.687106781186548
        ],
        [
            -30.96758095829539,
            0.8273172562250851
        ]
    ],
    "1": [
        [
            -5.263049369728645,
            -2.2070384586083813
        ],
        [
            -12.742893218813453,
            -2.072893218813452
        ],
        [
            -17.0,
            0.0
        ],
        [
            2.600499130266142,
            -1.1783398076913811
        ],
        [
            -5.263049369728645,
            -2.2070384586083813
        ],
        [
            -17.0,
            0.0
        ],
        [
            -12.742893218813453,
            -2.072893218813452
        ],
        [
            2.600499130266142,
            -1.1783398076913811
        ]
    ],
    "2": [
        [
            0.3552356616061476,
            -1.3129555530700359
        ],
        [
            -12.742893218813453,
            -2.072893218813452
        ],
        [
            -17.0,
            0.0
        ],
        [
            -2.4473280157936323,
            -3.7149811775585357
        ],
        [
            0.3552356616061476,
            -1.3129555530700359
        ],
        [
            -17.0,
            0.0
        ],
        [
            -12.742893218813453,
            -2.072893218813452
        ],
        [
            -3.6228932188134526,
            -1.772893218813453
        ],
        [
            -2.4473280157936323,
            -3.7149811775585357
        ]
    ],
    "3": [
        [
            -32.21193748524666,
            -3.0940453950823747
        ],
        [
            -28.537106781186544,
            -10.687106781186548
        ],
        [
            -18.84289321881345,
            -10.687106781186548
        ],
        [
            -17.0,
            0.0
        ],
        [
            -33.629799354083886,
            4.031523866307875
        ],
        [
            -32.21193748524666,
            -3.0940453950823747
        ],
        [
            -17.0,
            0.0
        ],
        [
            -18.84289321881345,
            -10.687106781186548
        ],
        [
            -28.537106781186544,
            -10.687106781186548
        ],
        [
            -33.629799354083886,
            4.031523866307875
        ]
    ]
}