{
    "0": [
        [
            -17.0,
            0.0
        ],
        [
            -16.995681684288034,
            -0.29369351379676095
        ],
        [
            -16.951576021837543,
            -3.2933692780319253
        ],
        [
            -19.383154351684187,
            -5.050476794895886
        ],
        [
            -18.223207007713345,
            -7.817157506364946
        ],
        [
            -15.286519481686147,
            -8.430236925752256
        ],
        [
            -12.302391420036285,
            -8.738424712132081
        ],
        [
            -9.908872182548576,
            -10.54703347573365
        ],
        [
            -6.910839173731606,
            -10.438414517701448
        ],
        [
            -3.996642133055286,
            -11.15077370246261
        ],
        [
            -1.3467472571065722,
            -9.744339506909613
        ],
        [
            -1.9232312466465542,
            -6.800249459067284
        ],
        [
            -0.3981483614822772,
            -4.216817208479106
        ],
        [
            0.3552356616061476,
            -1.3129555530700359
        ],
        [
            0.3552356616061476,
            -1.3129555530700359
        ],
        [
            -2.0534156962937846,
            -2.951319057470849
        ],
        [
            -4.533965044092527,
            -4.638587540296042
        ],
        [
            -4.533965044092527,
            -4.638587540296042
        ],
        [
            -7.067220192513904,
            -5.223365738099488
        ],
        [
            -9.478222387848692,
            -3.438129503286065
        ],
        [
            -12.442182591329779,
            -3.901745629170559
        ],
        [
            -14.704253549651188,
            -1.9312038307001151
        ],
        [
            -17.0,
            0.0
        ]
    ],
    "1": [
        [
            -17.0,
            0.0
        ],
        [
            -16.71068461126637,
            -0.5238656503468597
        ],
        [
            -15.260353326838253,
            -3.149991916429499
        ],
        [
            -17.533910834829808,
            -5.107269683598834
        ],
        [
            -17.845829225547188,
            -8.091010107551982
        ],
        [
            -18.15774761626457,
            -11.074750531505183
        ],
        [
            -21.082085707750974,
            -11.744262836606497
        ],
        [
            -24.056058788106466,
            -11.349948092625356
        ],
        [
            -26.996801509161013,
            -11.943271148442728
        ],
        [
            -29.833364101353293,
            -10.966586623852118
        ],
        [
            -31.753696389358193,
            -8.661738710508248
        ],
        [
            -30.89210934026745,
            -5.788122912103889
        ],
        [
            -32.21193748524666,
            -3.0940453950823747
        ],
        [
            -32.21193748524666,
            -3.0940453950823747
        ],
        [
            -31.555985416362205,
            -5.270233273197327
        ],
        [
            -30.69019384765153,
            -8.1425850900104
        ],
        [
            -28.086266182243918,
            -9.632404110336282
        ],
        [
            -26.485346536866004,
            -12.169539559823129
        ],
        [
            -23.52369676994006,
            -11.69138617641189
        ],
        [
            -20.547876805304924,
            -11.311260489199107
        ],
        [
            -17.55194658002371,
            -11.155048821111933
        ],
        [
            -16.40498263549877,
            -8.382960490996936
        ],
        [
            -15.114670751512847,
            -5.674622395033867
        ],
        [
            -15.82285772856541,
            -2.7594086454894104
        ],
        [
            -17.0,
            0.0
        ]
    ],
    "2": [
        [
            -17.0,
            0.0
        ],
        [
            -17.002183358555726,
            -0.46322926559801814
        ],
        [
            -17.01632323139654,
            -3.46319594274563
        ],
        [
            -17.030463104237143,
            -6.463162619893248
        ],
        [
            -17.044602977077744,
            -9.463129297040867
        ],
        [
            -19.654394703222295,
            -10.94265190455564
        ],
        [
            -22.648946279065697,
            -10.761928747175576
        ],
        [
            -25.34019287956872,
            -12.087519836192422
        ],
        [
            -28.335267011317228,
            -11.91567413409098
        ],
        [
            -31.093149692953247,
            -10.734961165443496
        ],
        [
            -30.171712504124443,
            -7.8799736861288645
        ],
        [
            -28.76993414596376,
            -5.227612957533975
        ],
        [
            -28.266088926743848,
            -2.2702255978752413
        ],
        [
            -30.769431979733554,
            -0.6169641064442681
        ],
        [
            -31.138442484528767,
            2.360254603585414
        ],
        [
            -33.629799354083886,
            4.031523866307875
        ],
        [
            -33.629799354083886,
            4.031523866307875
        ],
        [
            -30.85796440133908,
            3.8253139557631313
        ],
        [
            -30.96758095829539,
            0.8273172562250851
        ],
        [
            -30.96758095829539,
            0.8273172562250851
        ],
        [
            -30.941199432307638,
            2.713803119059295
        ],
        [
            -32.91015525465947,
            0.4503515579194266
        ],
        [
            -32.91015525465947,
            0.4503515579194266
        ],
        [
            -33.00205142321542,
            0.3955920192798435
        ],
        [
            -35.5791971585806,
            -1.1400901935135916
        ],
        [
            -35.5791971585806,
            -1.1400901935135916
        ],
        [
            -35.163633649303826,
            -1.3839223828528928
        ],
        [
            -32.57615386190023,
            -2.9021280177315916
        ],
        [
            -29.988674074496632,
            -4.420333652610296
        ],
        [
            -31.844243075909898,
            -6.631449632728952
        ],
        [
            -30.157056741199096,
            -9.112054855646328
        ],
        [
            -28.465139804231825,
            -11.29488932279816
        ],
        [
            -25.667348394034164,
            -10.212132090070437
        ],
        [
            -22.927885917833137,
            -11.434975228615297
        ],
        [
            -19.988093590536735,
            -12.032989503001051
        ],
        [
            -19.218757111025226,
            -9.133313420868273
        ],
        [
            -17.147906711494727,
            -6.962696314429615
        ],
        [
            -15.468661290225219,
            -4.476708620343897
        ],
        [
            -12.702916101770148,
            -3.3145324062792847
        ],
        [
            -9.97530881062932,
            -4.563595441244002
        ],
        [
            -8.261193161322884,
            -2.10152161196858
        ],
        [
            -5.263049369728645,
            -2.2070384586083813
        ],
        [
            -5.263049369728645,
            -2.2070384586083813
        ],
        [
            -6.6874560347018726,
            -2.207134343751198
        ],
        [
            -9.498609385870173,
            -3.2547109930782714
        ],
        [
            -12.223102569523922,
            -4.510552102544123
        ],
        [
            -15.071172026430714,
            -5.453155077626883
        ],
        [
